avg_baseline,avg_adapt,max_baseline,max_adapt,reduction_pct,seconds
0.47207200440638925,0.28851835160983424,55.0,27.0,38.88255416191562,79884
