avgq_adaptive,avgq_baseline,maxq_adaptive,maxq_baseline,reduction_pct,total_seconds
7.718353538201296,1.3782088257326521,13.0,39.20476190476191,-460.0278705295796,3546
